id,uuid,name,startDate,endDate,status,user,message
1,abcde,testFlow1,2017-02-10 09:39:05,2017-02-10 10:43:08,success,user1,vm provisioned
2,fghij,testFlow2,2017-02-11 10:39:05,2017-02-11 10:43:08,error,user2,error getting IP
3,abcde,testFlow1,2017-02-11 09:39:05,2017-02-11 09:41:08,success,user1,vm provisioned
4,fghij,testFlow2,2017-03-08 10:39:05,2017-03-08 10:42:01,success,user2,vip reserved
5,abcde,testFlow1,2017-03-10 11:39:05,2017-03-12 12:44:07,success,user3,vm provisioned
6,klmno,testFlow3,2017-03-12 10:39:05,2017-03-12 10:43:08,error,user1,error getting IP
7,abcde,testFlow1,2018-01-10 09:39:05,2018-01-10 10:43:08,success,user1,vm provisioned
8,fghij,testFlow2,2018-01-11 10:39:05,2018-01-11 10:43:08,error,user2,error getting IP
9,abcde,testFlow1,2018-01-11 09:39:05,2018-01-11 09:41:08,success,user1,vm provisioned
10,fghij,testFlow2,2018-02-08 10:39:05,2018-02-08 10:42:01,success,user2,vip reserved
11,abcde,testFlow1,2018-02-10 11:39:05,2018-02-12 12:44:07,success,user3,vm provisioned
12,klmno,testFlow3,2018-02-12 10:39:05,2018-02-12 10:43:08,error,user1,error getting IP
13,abcde,testFlow1,2018-02-10 09:39:05,2018-02-10 10:43:08,success,user1,vm provisioned
14,fghij,testFlow2,2018-03-08 10:39:05,2018-03-08 10:43:08,error,user2,error getting IP
15,abcde,testFlow1,2018-03-11 09:39:05,2018-03-11 09:41:08,success,user1,vm provisioned
16,fghij,testFlow2,2018-03-11 10:39:05,2018-03-11 10:42:01,success,user2,vip reserved
17,abcde,testFlow1,2018-03-11 11:39:05,2018-03-11 12:44:07,success,user3,vm provisioned
18,klmno,testFlow3,2018-03-12 10:39:05,2018-03-12 10:43:08,error,user1,error getting IP
